bcartwight0,30ZY8jgN,Danny,Benedikt,Cartwight,957 Hoard Terrace,Prince Edward Island,P7K,M,(546) 9421822,1990-02-28,bcartwight0@360.cn
cbourtoumieux1,vtUOApTD,Liuka,Clementia,Bourtoumieux,514 Birchwood Road,Alberta,T7E,F,(616) 9734017,1960-05-25,cbourtoumieux1@webmd.com
gellerby2,GfK7tdw,Faber,Gavin,Ellerby,3644 Hauk Point,Saskatchewan,S6J,M,(379) 6357690,1960-04-29,gellerby2@fastcompany.com
dvelden3,vMqSFSHc,Abramo,Desmund,Velden,10265 Haas Park,Newfoundland and Labrador,A1X,M,(801) 2788837,1964-11-28,dvelden3@jigsy.com
rmarney4,f0bQVYD,Miriam,Raychel,Marney,7 Arkansas Street,Manitoba,R7N,F,(337) 7632339,1993-09-28,rmarney4@alexa.com
rlomansey5,QvniNKmR39y,Brittan,Rorie,Lomansey,68 Birchwood Park,Ontario,K9H,F,(916) 8546933,2001-07-02,rlomansey5@live.com
bsegoe6,HxQuKTbxEI,Fabe,Brendin,Segoe,5811 Manley Alley,Ontario,V5M,M,(561) 7828607,1986-01-19,bsegoe6@ebay.com
ebosomworth7,G9XO7P,Nils,Elvyn,Bosomworth,6881 Hintze Court,Nova Scotia,B9A,M,(335) 7170475,1966-04-26,ebosomworth7@nbcnews.com
sklimus8,f1fhxB95,Carey,Stanly,Klimus,13 Sunnyside Road,Saskatchewan,S7W,M,(701) 2642937,1981-01-02,sklimus8@chicagotribune.com
lpfeuffer9,ROR3avIyeOIE,Yoshi,Leah,Pfeuffer,64122 Thompson Center,British Columbia,K1B,F,(829) 1914999,1977-08-21,lpfeuffer9@goodreads.com
wtolottia,LE3mJizIOl,Timotheus,Wayne,Tolotti,57663 Bobwhite Center,Ontario,P6A,M,(595) 7302956,1976-10-01,wtolottia@cyberchimps.com
emaddinb,vbMYZa,Worthington,Emmett,Maddin,492 Dryden Terrace,Saskatchewan,S9H,M,(429) 5235709,1989-09-18,emaddinb@telegraph.co.uk
vmaccardc,LknIl6r,Kleon,Vinny,MacCard,6 Armistice Pass,Alberta,G8J,M,(400) 5597407,1992-10-09,vmaccardc@e-recht24.de
rhasslocherd,ZSfZhIW,Nickie,Ralf,Hasslocher,464 Springs Court,British Columbia,T3S,M,(770) 3947192,1988-06-19,rhasslocherd@arstechnica.com
bfeaveere,V1m6tVL3NJ2E,Sheffie,Burnard,Feaveer,6 Manley Trail,British Columbia,V1Y,M,(331) 8129174,1952-01-21,bfeaveere@mashable.com
rpaffittf,r61FDa,Skip,Ryun,Paffitt,968 Spaight Circle,Manitoba,R8N,M,(738) 6403807,1963-09-24,rpaffittf@pbs.org
kbirnieg,YS3HtxMnB,Rowney,Kevin,Birnie,6 Talisman Hill,Saskatchewan,H4J,M,(252) 8504769,2001-01-21,kbirnieg@cbslocal.com
ebacheh,fz1aPXR7wXfE,Ilyssa,Erna,Bache,57220 Pierstorff Parkway,Nova Scotia,K9V,F,(270) 6682268,1968-12-10,ebacheh@google.de
cpoulneyi,b1Wtqv,Kyle,Chelsey,Poulney,6 Thierer Place,Ontario,N4N,F,(502) 5853002,1981-10-26,cpoulneyi@about.me
blougheadj,p0AJa1fKj,Virginie,Bernete,Loughead,21904 Elka Road,Alberta,T4T,F,(874) 5048208,1977-07-26,blougheadj@cisco.com
scoltartk,7jYcAjz4,Fonzie,Sayres,Coltart,1276 Bayside Way,Alberta,T4V,M,(161) 5382395,1955-02-24,scoltartk@examiner.com
acamberl,yrHxNWA,Antoni,Allie,Camber,186 Ridgeview Place,British Columbia,K4K,M,(725) 9869269,2001-04-04,acamberl@wix.com
dcroptonm,DGhfzi,Ashleigh,Deanna,Cropton,529 Esker Center,British Columbia,V9L,F,(586) 2434691,1973-06-18,dcroptonm@smh.com.au
mpaveln,EdDkNE,Prent,Marten,Pavel,22 Knutson Circle,British Columbia,V6L,M,(971) 1823691,1962-11-14,mpaveln@elegantthemes.com
aalamo,eNHkedH3cqGL,Devland,Aldwin,Alam,81 Monica Road,Manitoba,G7S,M,(961) 6402539,1999-01-26,aalamo@gmpg.org
aglanesterp,s1SWZvmlJjKN,Rasia,Ardisj,Glanester,86781 Pepper Wood Junction,Alberta,T1G,F,(915) 8917835,1955-09-15,aglanesterp@yellowbook.com
jlillfordq,pEBjLG,Raimundo,Jeno,Lillford,731 South Place,Ontario,N9V,M,(719) 1150719,1960-06-02,jlillfordq@hibu.com
ojeffryr,akaWvF,Morley,Onfre,Jeffry,2538 Grim Way,Newfoundland and Labrador,B2J,M,(631) 8610814,1965-11-11,ojeffryr@narod.ru
blunns,fWkrqDrMK,Burl,Bren,Lunn,221 Eliot Avenue,Alberta,E1W,M,(603) 8995906,1991-06-29,blunns@wsj.com
ckermannest,xB4VP84W,Loy,Colan,Kermannes,12 Barby Place,Alberta,T1M,M,(242) 3557124,1969-06-03,ckermannest@bloomberg.com