bcartwight0,30ZY8jgN,Danny,Benedikt,Cartwight,957 Hoard Terrace,Prince Edward Island,P7K,M,(546) 9421822,1990-02-28,bcartwight0@360.cn
cbourtoumieux1,vtUOApTD,Liuka,Clementia,Bourtoumieux,514 Birchwood Road,Alberta,T7E,F,(616) 9734017,1960-05-25,cbourtoumieux1@webmd.com
gellerby2,GfK7tdw,Faber,Gavin,Ellerby,3644 Hauk Point,Saskatchewan,S6J,M,(379) 6357690,1960-04-29,gellerby2@fastcompany.com
dvelden3,vMqSFSHc,Abramo,Desmund,Velden,10265 Haas Park,Newfoundland and Labrador,A1X,M,(801) 2788837,1964-11-28,dvelden3@jigsy.com
rmarney4,f0bQVYD,Miriam,Raychel,Marney,7 Arkansas Street,Manitoba,R7N,F,(337) 7632339,1993-09-28,rmarney4@alexa.com
rlomansey5,QvniNKmR39y,Brittan,Rorie,Lomansey,68 Birchwood Park,Ontario,K9H,F,(916) 8546933,2001-07-02,rlomansey5@live.com
bsegoe6,HxQuKTbxEI,Fabe,Brendin,Segoe,5811 Manley Alley,Ontario,V5M,M,(561) 7828607,1986-01-19,bsegoe6@ebay.com
ebosomworth7,G9XO7P,Nils,Elvyn,Bosomworth,6881 Hintze Court,Nova Scotia,B9A,M,(335) 7170475,1966-04-26,ebosomworth7@nbcnews.com
sklimus8,f1fhxB95,Carey,Stanly,Klimus,13 Sunnyside Road,Saskatchewan,S7W,M,(701) 2642937,1981-01-02,sklimus8@chicagotribune.com
lpfeuffer9,ROR3avIyeOIE,Yoshi,Leah,Pfeuffer,64122 Thompson Center,British Columbia,K1B,F,(829) 1914999,1977-08-21,lpfeuffer9@goodreads.com
wtolottia,LE3mJizIOl,Timotheus,Wayne,Tolotti,57663 Bobwhite Center,Ontario,P6A,M,(595) 7302956,1976-10-01,wtolottia@cyberchimps.com
emaddinb,vbMYZa,Worthington,Emmett,Maddin,492 Dryden Terrace,Saskatchewan,S9H,M,(429) 5235709,1989-09-18,emaddinb@telegraph.co.uk
vmaccardc,LknIl6r,Kleon,Vinny,MacCard,6 Armistice Pass,Alberta,G8J,M,(400) 5597407,1992-10-09,vmaccardc@e-recht24.de
rhasslocherd,ZSfZhIW,Nickie,Ralf,Hasslocher,464 Springs Court,British Columbia,T3S,M,(770) 3947192,1988-06-19,rhasslocherd@arstechnica.com
bfeaveere,V1m6tVL3NJ2E,Sheffie,Burnard,Feaveer,6 Manley Trail,British Columbia,V1Y,M,(331) 8129174,1952-01-21,bfeaveere@mashable.com
rpaffittf,r61FDa,Skip,Ryun,Paffitt,968 Spaight Circle,Manitoba,R8N,M,(738) 6403807,1963-09-24,rpaffittf@pbs.org
kbirnieg,YS3HtxMnB,Rowney,Kevin,Birnie,6 Talisman Hill,Saskatchewan,H4J,M,(252) 8504769,2001-01-21,kbirnieg@cbslocal.com
ebacheh,fz1aPXR7wXfE,Ilyssa,Erna,Bache,57220 Pierstorff Parkway,Nova Scotia,K9V,F,(270) 6682268,1968-12-10,ebacheh@google.de
cpoulneyi,b1Wtqv,Kyle,Chelsey,Poulney,6 Thierer Place,Ontario,N4N,F,(502) 5853002,1981-10-26,cpoulneyi@about.me
blougheadj,p0AJa1fKj,Virginie,Bernete,Loughead,21904 Elka Road,Alberta,T4T,F,(874) 5048208,1977-07-26,blougheadj@cisco.com
scoltartk,7jYcAjz4,Fonzie,Sayres,Coltart,1276 Bayside Way,Alberta,T4V,M,(161) 5382395,1955-02-24,scoltartk@examiner.com
acamberl,yrHxNWA,Antoni,Allie,Camber,186 Ridgeview Place,British Columbia,K4K,M,(725) 9869269,2001-04-04,acamberl@wix.com
dcroptonm,DGhfzi,Ashleigh,Deanna,Cropton,529 Esker Center,British Columbia,V9L,F,(586) 2434691,1973-06-18,dcroptonm@smh.com.au
mpaveln,EdDkNE,Prent,Marten,Pavel,22 Knutson Circle,British Columbia,V6L,M,(971) 1823691,1962-11-14,mpaveln@elegantthemes.com
aalamo,eNHkedH3cqGL,Devland,Aldwin,Alam,81 Monica Road,Manitoba,G7S,M,(961) 6402539,1999-01-26,aalamo@gmpg.org
aglanesterp,s1SWZvmlJjKN,Rasia,Ardisj,Glanester,86781 Pepper Wood Junction,Alberta,T1G,F,(915) 8917835,1955-09-15,aglanesterp@yellowbook.com
jlillfordq,pEBjLG,Raimundo,Jeno,Lillford,731 South Place,Ontario,N9V,M,(719) 1150719,1960-06-02,jlillfordq@hibu.com
ojeffryr,akaWvF,Morley,Onfre,Jeffry,2538 Grim Way,Newfoundland and Labrador,B2J,M,(631) 8610814,1965-11-11,ojeffryr@narod.ru
blunns,fWkrqDrMK,Burl,Bren,Lunn,221 Eliot Avenue,Alberta,E1W,M,(603) 8995906,1991-06-29,blunns@wsj.com
ckermannest,xB4VP84W,Loy,Colan,Kermannes,12 Barby Place,Alberta,T1M,M,(242) 3557124,1969-06-03,ckermannest@bloomberg.com
nbarnwellu,3q8Su11s,Arnold,Nilson,Barnwell,084 Dottie Crossing,Alberta,T1G,M,(861) 9455939,1984-12-13,nbarnwellu@4shared.com
tmolanv,EWik07u,Gerek,Thayne,Molan,66847 Twin Pines Park,Ontario,K7V,M,(436) 7539216,1980-06-03,tmolanv@uiuc.edu
aspaldingw,EpeLIgMyXr,Jeramie,Agosto,Spalding,590 Barnett Lane,British Columbia,L9T,M,(462) 7062544,1953-09-06,aspaldingw@shop-pro.jp
lholmesx,HhLh5DEADp,Orrin,Lambert,holmes,7912 Hollow Ridge Way,Prince Edward Island,C0A,M,(321) 6501539,1965-05-19,lholmesx@bloglines.com
dtilmouthy,Z9GlLGXNccj,Boyce,Devland,Tilmouth,7 Hoffman Place,Ontario,J1S,M,(460) 3677941,1953-06-28,dtilmouthy@creativecommons.org
cflowerz,v5DwUWDvq,Mariana,Charmaine,Flower,51528 2nd Crossing,Ontario,N9V,F,(551) 4737982,1998-09-14,cflowerz@so-net.ne.jp
nraulston10,0rMZozsRV,Shell,Niki,Raulston,99138 Portage Hill,Manitoba,V9B,M,(261) 3624924,1965-10-04,nraulston10@webmd.com
ltewkesberrie11,UgDuyOAh,Roseanne,Lynea,Tewkesberrie,5 Starling Street,New Brunswick,E2V,F,(116) 3602770,1971-04-23,ltewkesberrie11@opensource.org
amanterfield12,N2xBVoUAhYD,Pooh,Andrus,Manterfield,69341 West Way,Alberta,V2T,M,(933) 3145355,1979-08-20,amanterfield12@wired.com
sgreville13,Wwf5ORjsar,Glen,Sigvard,Greville,8 Tomscot Street,Manitoba,T5G,M,(265) 4623734,1984-06-20,sgreville13@lycos.com
omityushin14,QMjsTz,Lizbeth,Orly,Mityushin,70 Rutledge Parkway,Newfoundland and Labrador,N9A,F,(429) 9421783,1956-12-27,omityushin14@cam.ac.uk
asalzburger15,mUlL5r,Daphne,Ailsun,Salzburger,39052 Sugar Place,Nova Scotia,M1M,F,(907) 3463721,1986-01-12,asalzburger15@tamu.edu
tcrichton16,Pfob8La9ZsV6,Fayette,Tamiko,Crichton,36 Armistice Hill,Manitoba,M5L,F,(249) 3722756,1955-11-04,tcrichton16@example.com
hmulqueeny17,lHoPxYPdqOJM,Martyn,Hi,Mulqueeny,175 Mcguire Trail,Newfoundland and Labrador,A2V,M,(113) 4375701,1965-11-07,hmulqueeny17@wunderground.com
lgilders18,VC23xJUbl,Willie,Lanae,Gilders,6 Center Avenue,Ontario,E6J,F,(549) 6009322,1962-07-03,lgilders18@scientificamerican.com
pweond19,4CxCF9LN,Isabella,Petronilla,Weond,7583 Armistice Center,British Columbia,G2L,F,(897) 1602494,1970-08-24,pweond19@hostgator.com
rgostick1a,G2EoC7,Alika,Robinett,Gostick,07 Division Place,Alberta,T9C,F,(259) 3459068,1996-05-04,rgostick1a@nba.com
dantyukhin1b,Jcz8fypxSze,Erda,Daphna,Antyukhin,699 7th Crossing,Nova Scotia,K7A,F,(358) 9838431,1999-12-20,dantyukhin1b@live.com
wtouson1c,ATkl0b,Nonna,Winna,Touson,7 Barby Circle,British Columbia,V1R,F,(563) 9090143,1977-07-18,wtouson1c@phpbb.com
cmorais1d,einntZu,Hugues,Caesar,Morais,9257 Vernon Pass,British Columbia,V8J,M,(485) 5671161,1955-02-05,cmorais1d@cmu.edu
ggaiford1e,gzwxfHStBo,Diandra,Gerty,Gaiford,28255 David Lane,Saskatchewan,B0K,F,(562) 7681792,1982-03-02,ggaiford1e@csmonitor.com
ssoreau1f,7ry9yI2R,Pattin,Saundra,Soreau,07951 Canary Circle,Ontario,K7R,M,(329) 9470258,1988-03-06,ssoreau1f@quantcast.com
zdorber1g,S60ycVOFm4r,Betsey,Zsa zsa,Dorber,931 Randy Lane,Ontario,E3G,F,(962) 5897247,1959-12-27,zdorber1g@china.com.cn
wgalton1h,5jLAP0cP8,Tyrus,Washington,Galton,248 Ilene Alley,Alberta,T9C,M,(656) 8028282,1967-12-04,wgalton1h@blogspot.com
jfaughny1i,cE6BYecU,Cross,Joseph,Faughny,903 Redwing Trail,Ontario,S0H,M,(728) 6947728,1976-08-09,jfaughny1i@dedecms.com
ctims1j,rvfDg4S8r,Nonie,Camellia,Tims,0399 Luster Crossing,Ontario,N0N,F,(155) 4163841,1980-02-22,ctims1j@desdev.cn
lsalzberger1k,SaWcZpTF,Demetris,Leonidas,Salzberger,7364 Kipling Street,Alberta,T1M,M,(910) 6879920,1957-04-22,lsalzberger1k@whitehouse.gov
sfassum1l,oquZ0v9,Ede,Sofie,Fassum,793 Lunder Hill,Alberta,R3J,F,(491) 3306562,1981-09-24,sfassum1l@disqus.com
rderuggiero1m,4E0w9C1SC2E7,Zared,Randell,De Ruggiero,424 Vera Terrace,Alberta,J7G,M,(429) 9562202,1980-09-05,rderuggiero1m@networksolutions.com
sgarrould1n,1Cw00M5cST,Filmer,Seward,Garrould,885 Roth Center,Alberta,V3A,M,(368) 7797847,1982-11-18,sgarrould1n@mit.edu
lsacchetti1o,78EvvoGLH7j,Diena,Lonni,Sacchetti,1 Carioca Plaza,British Columbia,P3N,F,(618) 7876369,1979-10-13,lsacchetti1o@blog.com
cmenhci1p,mFpBH3iTj10a,Ketty,Carol-jean,Menhci,1 2nd Hill,Alberta,T7N,F,(777) 3607253,1951-06-29,cmenhci1p@creativecommons.org
aphateplace1q,AZS7fFDPB6,Damita,Annnora,Phateplace,81895 Center Center,British Columbia,N9V,F,(476) 5885378,1970-01-19,aphateplace1q@friendfeed.com
cwimbridge1r,JTH1dRdCVuh,Roderigo,Corrie,Wimbridge,6 Springview Place,Alberta,L2E,M,(962) 5415252,1950-08-02,cwimbridge1r@gizmodo.com
bjamme1s,XVmkQg,Kristos,Benjamin,Jamme,10 Darwin Place,Saskatchewan,S9H,M,(559) 5381253,1968-12-24,bjamme1s@walmart.com
vbere1t,a2LDsJued,Rhianna,Vivian,Bere,55 Bunker Hill Alley,Manitoba,H3Z,F,(969) 8476061,1977-01-13,vbere1t@cisco.com
zbarhams1u,V5LueITD,Bale,Zachery,Barhams,5204 Harper Way,British Columbia,V6V,M,(239) 5275817,1992-03-27,zbarhams1u@squidoo.com
ncapelen1v,EIPyzNG9D3av,Hale,Nichols,Capelen,00752 Utah Parkway,Ontario,K7R,M,(748) 3183157,1970-08-27,ncapelen1v@telegraph.co.uk
mgaffey1w,mTfjKfuHJP,Fernanda,Marielle,Gaffey,2014 Del Sol Trail,Alberta,J0J,F,(938) 8966453,1960-08-11,mgaffey1w@slate.com
twalwood1x,5d4xAw6NY,Sheree,Teddy,Walwood,6605 Mcguire Plaza,British Columbia,K2H,F,(425) 6779073,1966-11-27,twalwood1x@about.me
bjarrad1y,9kRxZNbJY3E,Ebony,Bird,Jarrad,18 Russell Court,Ontario,T0C,F,(734) 6358722,1977-03-28,bjarrad1y@cbc.ca
cburfield1z,2sT4yo,Isiahi,Chico,Burfield,1015 Riverside Park,Ontario,L4P,M,(166) 3944599,1979-04-17,cburfield1z@discuz.net
bguile20,JLC6yxXda6YL,Fletcher,Bogart,Guile,1 Marquette Park,Ontario,C1B,M,(732) 5497723,1964-06-09,bguile20@whitehouse.gov
bpotter21,8l1ppP3Ym,Mikael,Booth,Potter,297 Holy Cross Center,British Columbia,K1B,M,(774) 6935577,1973-06-13,bpotter21@tiny.cc
jcoppeard22,CJDeCdkX,Nikoletta,Jeanine,Coppeard,6812 Killdeer Plaza,Ontario,K7R,F,(423) 6855757,1964-09-07,jcoppeard22@skype.com
zcardinal23,QgVmMVKFyX5,Oates,Zeke,Cardinal,3 Reinke Circle,Manitoba,R6M,M,(432) 8878633,1970-05-13,zcardinal23@msn.com
arosenblum24,eUASN3mKIJVh,Mick,Arnie,Rosenblum,537 Debra Crossing,Alberta,T1P,M,(184) 3604898,1984-02-28,arosenblum24@wikipedia.org
mmizzen25,q85XesC,Warde,Marwin,Mizzen,79 Sauthoff Drive,New Brunswick,E4W,M,(520) 5908309,1951-12-19,mmizzen25@un.org
mcurm26,I9eHhOh2o6I,Delano,Mattias,Curm,33934 Anniversary Circle,Alberta,T8A,M,(392) 6665485,1990-03-26,mcurm26@delicious.com
jaucock27,fGnPDg3JXwd,Twila,Janeva,Aucock,39 Farwell Way,Ontario,M4J,F,(789) 4970845,1958-07-03,jaucock27@hexun.com
wbowdrey28,MK0QGJEriV,Domingo,Wilbert,Bowdrey,95 Ohio Point,British Columbia,V7Y,M,(585) 5849599,1972-01-31,wbowdrey28@si.edu
lpelman29,Csh0pCVMRp,Cherey,Lori,Pelman,8163 Esker Pass,Ontario,K7R,F,(999) 6567375,1983-06-23,lpelman29@psu.edu
gchetter2a,AXCqI1OV,Max,Gerard,Chetter,5 Ryan Circle,British Columbia,H9K,M,(919) 1511495,1969-01-09,gchetter2a@bloglines.com
clinck2b,g5Z4O8,Hamil,Craig,Linck,6249 Messerschmidt Court,Alberta,T1P,M,(688) 9967761,1977-10-01,clinck2b@opensource.org
dantonich2c,JLxkUtWLcV,Jasen,Dore,Antonich,9 Pearson Circle,Ontario,J5T,M,(934) 9731651,1974-01-16,dantonich2c@statcounter.com
ftremaine2d,ZdZE86r8GF,Bo,Forrester,Tremaine,0050 Emmet Drive,Nova Scotia,L2A,M,(805) 3917522,1998-03-07,ftremaine2d@reddit.com
dgrimes2e,p744yLXiO,Vilma,Daisy,Grimes,8687 Redwing Court,Alberta,M5G,F,(290) 3559182,1971-05-10,dgrimes2e@mediafire.com
jlewtey2f,LkLM90,Vina,Josey,Lewtey,40 Dennis Road,Alberta,S0G,F,(551) 7528884,1975-01-27,jlewtey2f@bing.com
gbarabisch2g,5536ezyEPz,Sarajane,Genni,Barabisch,102 Esch Hill,Saskatchewan,S9H,F,(128) 4336377,1967-11-16,gbarabisch2g@exblog.jp
psydney2h,xO75iTi40X,Alane,Patrizia,Sydney,5 Daystar Terrace,Ontario,L2P,F,(501) 8138283,1965-06-18,psydney2h@wikispaces.com
bitzcovich2i,0Ab0Rm8p,Kameko,Berri,Itzcovich,7 Sullivan Pass,British Columbia,E1W,F,(402) 2480079,1977-11-21,bitzcovich2i@cnet.com
nhender2j,QNpVfBlHYM,Hamil,Norry,Hender,3 Riverside Crossing,Alberta,R3J,M,(556) 3636186,1950-09-05,nhender2j@exblog.jp
lmccurlye2k,IFkiHiFU0Z,Leigh,Leta,McCurlye,74543 Commercial Hill,Newfoundland and Labrador,L2N,F,(567) 8083949,1967-01-29,lmccurlye2k@ted.com
icallar2l,kIsUKbk,Davita,Ibby,Callar,89337 David Trail,Ontario,J8Y,F,(342) 9389895,1969-02-22,icallar2l@mayoclinic.com
fseawell2m,VXW7hT16,Reeva,Francene,Seawell,23955 Browning Way,British Columbia,V4W,F,(996) 2374571,1969-07-21,fseawell2m@europa.eu
tmindenhall2n,515N4V,Galvin,Trevar,Mindenhall,39 Vernon Park,British Columbia,V3H,M,(699) 6486249,1982-01-30,tmindenhall2n@squarespace.com
ejobson2o,9xrZlVnBTwY,Hailey,Emlyn,Jobson,47922 Buell Court,Ontario,N5R,M,(871) 1225116,1977-07-03,ejobson2o@dailymail.co.uk
rmerrisson2p,4eBrgcQnqnj,Cordey,Rhiamon,Merrisson,6888 Alpine Center,Ontario,P2N,F,(140) 3799694,1992-11-21,rmerrisson2p@ehow.com
jdoyley2q,pX8vYRGDq,Glenna,Jobyna,Doyley,4922 Sloan Road,Ontario,J8Y,F,(860) 5532665,1982-09-29,jdoyley2q@t-online.de
esabbins2r,zjvrL1tMX,Carlin,Eberto,Sabbins,50 Crownhardt Place,Alberta,T1S,M,(590) 5921864,1989-03-14,esabbins2r@seattletimes.com
